step	decay
0	0.26487693615950814
1	1.790567951323196
2	2.6326030020211326
3	3.5646318726733353
4	4.375757094967639
