step	learning_rate
0	0.38756596239377417
1	1.6894891700953036
2	2.8343713133439907
3	3.2990897972339646
4	4.490045997356167
