step	linux
0	0.6713752252017213
1	1.453471242939436
2	2.3721609181900507
3	3.228609045226097
4	4.303657677048175
