step	mac
0	0.5015519782425288
1	1.9215936265427036
2	2.0296308806565175
3	3.0929671212629404
4	4.300595677202151
