step	windows
0	0.7838093289569008
1	1.59834376366511
2	2.305964214854435
3	3.246565503022114
4	4.262806738369422
