step	name
0	0.43669232961808013
1	1.166709382631699
2	2.419231199137644
3	3.0405182953060446
4	4.289007954539624
