{
    "bar": 4.657382494337236,
    "foo": 4.296633266218721,
    "step": 4
}
