step	bar
0	0.6634364543826899
1	1.1454809739033982
2	2.724691169468028
3	3.433057077952819
4	4.657382494337236
