step	foo
0	0.4227426720071261
1	1.9337472755642633
2	2.760140670767379
3	3.795741068814044
4	4.296633266218721
