{
    "add": 4.092811074358846,
    "commit": 4.1548207006859315,
    "push": 4.7988007014697915,
    "pull": 4.517846467289537,
    "checkout": 4.568097813067623,
    "clone": 4.157909120713269,
    "step": 4
}
