step	bar
0	0.3351588890073661
1	1.3388449453811215
2	2.007273543322145
3	3.538777032766278
4	4.990743495537137
