step	foo
0	0.7271788681789813
1	1.028557713788126
2	2.136303905443362
3	3.839574961132239
4	4.943566127281552
