step	node1
0	0.6831094138377051
1	1.0453019227658253
2	2.1563197222364963
3	3.4786999793638715
4	4.282201269544011
