step	node2
0	0.06876465407789611
1	1.5935650895123208
2	2.7890208410658763
3	3.241764249276917
4	4.580478237167218
