{
    "bar": 4.990743495537137,
    "foo": 4.943566127281552,
    "step": 4
}
