{
    "bar": 4.730897738343233,
    "foo": 4.837389336402385,
    "step": 4
}
