step	bar
0	0.07107767946179655
1	1.1499467403969013
2	2.8205277823026598
3	3.412153840827747
4	4.730897738343233
