step	foo
0	0.5421085420892623
1	1.5304648482877505
2	2.967416180652216
3	3.4551474172686403
4	4.837389336402385
