step	add
0	0.7529504123475534
1	1.9317870751950468
2	2.901617111940987
3	3.8709353620568625
4	4.092811074358846
