step	checkout
0	0.5415039953860332
1	1.0064572141222863
2	2.4996497858419766
3	3.2736580117441823
4	4.568097813067623
