step	clone
0	0.5668493076864731
1	1.6980329191955654
2	2.1599864355526233
3	3.908003607906614
4	4.157909120713269
