step	commit
0	0.21371296656274474
1	1.0562261564674613
2	2.7083630741698705
3	3.379915941386857
4	4.1548207006859315
