step	pull
0	0.21734750341523468
1	1.0245860387477643
2	2.23281475742829
3	3.6629026368554833
4	4.517846467289537
