step	push
0	0.581897403821403
1	1.5162781292183463
2	2.5489682596571863
3	3.024563393507914
4	4.7988007014697915
