{
    "linux": 4.303657677048175,
    "windows": 4.262806738369422,
    "mac": 4.300595677202151,
    "step": 4
}
