{
    "bar": 4.584847859198242,
    "foo": 4.849212960245373,
    "step": 4
}
