step	mode1
0	0.28556450542526157
1	1.9006301485182333
2	2.9071730147048314
3	3.5163899930290645
4	4.695552691661758
