step	mode2
0	0.10531295919878714
1	1.895445278858508
2	2.2786347700804255
3	3.1402399275373645
4	4.474303839958765
