step	bar
0	0.07344673315008321
1	1.7729845978745051
2	2.7835428580751103
3	3.2893107893350253
4	4.584847859198242
