step	foo
0	0.03442098267974636
1	1.848734045659633
2	2.5036217998833683
3	3.5120408587588994
4	4.849212960245373
