step	batch_size
0	0.48735082184455036
1	1.8925951860771097
2	2.4229776913590984
3	3.0389857684867176
4	4.869196744364517
