step	learning_rate
0	0.15072270386083209
1	1.5723138446429705
2	2.487273715442024
3	3.394379380610678
4	4.249291290632899
