step	name
0	0.22424216413114562
1	1.2429494190074575
2	2.4170868683376323
3	3.3850556031559047
4	4.257849871904306
