step	bar
0	0.4156603219109889
1	1.8658170028294876
2	2.131887901623356
3	3.784882494671259
4	4.448794442043104
