step	foo
0	0.7610587038031001
1	1.655237077989935
2	2.715955758642333
3	3.448557785255028
4	4.303075990974536
