{
    "mode1": 4.695552691661758,
    "mode2": 4.474303839958765,
    "step": 4
}
