{
    "node1": 4.282201269544011,
    "node2": 4.580478237167218,
    "step": 4
}
