{
    "bar": 4.448794442043104,
    "foo": 4.303075990974536,
    "step": 4
}
